[
  {
    "title": "Yellow shoe",
    "promo": "50% off",
    "url": "https://images.unsplash.com/photo-1597248881519-db089d3744a5?ixlib=rb-1.2.1&ixid=MnwxMjA3fDB8MHxwaG90by1wYWdlfHx8fGVufDB8fHx8&auto=format&fit=crop&w=1050&q=80"
  },
  {
    "title": "Black shades",
    "promo": "10% off",
    "url": "https://images.unsplash.com/photo-1572635196237-14b3f281503f?ixid=MnwxMjA3fDB8MHxwaG90by1wYWdlfHx8fGVufDB8fHx8&ixlib=rb-1.2.1&auto=format&fit=crop&w=800&q=80"
  },
  {
    "title": "Red shoe",
    "promo": "20% off",
    "url": "https://images.unsplash.com/photo-1542291026-7eec264c27ff?ixlib=rb-1.2.1&ixid=MnwxMjA3fDB8MHxwaG90by1wYWdlfHx8fGVufDB8fHx8&auto=format&fit=crop&w=1950&q=80"
  }
]
